TOTAL_REVENUE;;;;;;;
2511.00;837;496;Morning;Coffee;Gourmet brewed coffee;Ethiopia Rg;Lower Manhattan
2396.30;773;473;Morning;Tea;Brewed Chai tea;Spicy Eye Opener Chai Lg;Lower Manhattan
4090.50;909;529;Morning;Drinking Chocolate;Hot chocolate;Dark chocolate Lg;Lower Manhattan
1182.00;394;394;Morning;Bakery;Scone;Oatmeal Scone;Lower Manhattan
1486.00;743;456;Morning;Coffee;Gourmet brewed coffee;Columbian Medium Roast Sm;Lower Manhattan
3978.00;936;583;Morning;Coffee;Barista Espresso;Latte Rg;Lower Manhattan
2859.50;817;478;Morning;Drinking Chocolate;Hot chocolate;Dark chocolate Rg;Lower Manhattan
2116.50;830;481;Morning;Tea;Brewed Chai tea;Spicy Eye Opener Chai Rg;Lower Manhattan
2705.50;773;471;Morning;Coffee;Gourmet brewed coffee;Ethiopia Lg;Lower Manhattan
2847.00;949;551;Morning;Tea;Brewed Black tea;Earl Grey Lg;Lower Manhattan
2143.80;795;468;Morning;Coffee;Barista Espresso;Ouro Brasileiro shot;Lower Manhattan
2505.00;835;503;Morning;Tea;Brewed Green tea;Serenity Green Tea Lg;Lower Manhattan
1528.15;405;405;Morning;Bakery;Scone;Jumbo Savory Scone;Lower Manhattan
2002.50;801;530;Morning;Tea;Brewed herbal tea;Lemon Grass Rg;Hell's Kitchen
3600.00;800;512;Morning;Drinking Chocolate;Hot chocolate;Dark chocolate Lg;Hell's Kitchen
3961.50;834;598;Morning;Drinking Chocolate;Hot chocolate;Sustainably Grown Organic Lg;Hell's Kitchen
3038.00;868;556;Morning;Coffee;Gourmet brewed coffee;Ethiopia Lg;Hell's Kitchen
1405.59;429;429;Morning;Bakery;Biscotti;Hazelnut Biscotti;Lower Manhattan
1935.45;759;500;Morning;Tea;Brewed Chai tea;Spicy Eye Opener Chai Rg;Hell's Kitchen
3247.50;866;562;Morning;Coffee;Barista Espresso;Cappuccino;Hell's Kitchen
2334.00;778;470;Morning;Tea;Brewed herbal tea;Lemon Grass Lg;Lower Manhattan
3206.25;855;559;Morning;Coffee;Barista Espresso;Latte;Hell's Kitchen
2760.00;920;554;Morning;Coffee;Organic brewed coffee;Brazilian Rg;Lower Manhattan
3564.00;891;533;Morning;Tea;Brewed Chai tea;Morning Sunrise Chai Lg;Lower Manhattan
2244.00;748;515;Morning;Coffee;Drip coffee;Our Old Time Diner Blend Lg;Hell's Kitchen
1654.93;365;365;Morning;Bakery;Scone;Scottish Cream Scone ;Lower Manhattan
2427.50;971;597;Morning;Tea;Brewed herbal tea;Peppermint Rg;Lower Manhattan
2906.25;775;492;Morning;Coffee;Premium brewed coffee;Jamaican Coffee River Lg;Hell's Kitchen
2178.00;726;453;Morning;Coffee;Drip coffee;Our Old Time Diner Blend Lg;Lower Manhattan
1654.00;827;546;Morning;Coffee;Drip coffee;Our Old Time Diner Blend Sm;Hell's Kitchen
2887.50;770;501;Morning;Drinking Chocolate;Hot chocolate;Sustainably Grown Organic Rg;Hell's Kitchen
1530.00;408;408;Morning;Bakery;Pastry;Almond Croissant;Hell's Kitchen
2760.00;736;493;Morning;Coffee;Barista Espresso;Latte;Astoria
1106.00;316;302;Morning;Bakery;Pastry;Croissant;Astoria
1896.00;632;422;Morning;Tea;Brewed Green tea;Serenity Green Tea Lg;Astoria
1590.00;530;346;Morning;Tea;Brewed herbal tea;Lemon Grass Lg;Astoria
2015.00;806;546;Morning;Tea;Brewed herbal tea;Peppermint Rg;Hell's Kitchen
1647.00;549;373;Morning;Coffee;Barista Espresso;Espresso shot;Astoria
1360.90;439;292;Afternoon;Coffee;Premium brewed coffee;Jamaican Coffee River Rg;Astoria
843.00;281;181;Afternoon;Coffee;Drip coffee;Our Old Time Diner Blend Lg;Hell's Kitchen
856.00;428;272;Afternoon;Coffee;Drip coffee;Our Old Time Diner Blend Sm;Astoria
3078.00;1026;637;Morning;Tea;Brewed herbal tea;Peppermint Lg;Lower Manhattan
3217.50;858;513;Morning;Drinking Chocolate;Hot chocolate;Sustainably Grown Organic Rg;Lower Manhattan
2080.00;832;543;Morning;Tea;Brewed Green tea;Serenity Green Tea Rg;Hell's Kitchen
2006.55;819;515;Morning;Coffee;Premium brewed coffee;Jamaican Coffee River Sm;Lower Manhattan
2362.50;945;581;Morning;Tea;Brewed Black tea;Earl Grey Rg;Lower Manhattan
1898.75;587;549;Morning;Bakery;Scone;Ginger Scone;Hell's Kitchen
2157.60;696;484;Morning;Coffee;Premium brewed coffee;Jamaican Coffee River Rg;Hell's Kitchen
1141.02;325;325;Morning;Bakery;Biscotti;Ginger Biscotti;Lower Manhattan
4165.75;877;546;Morning;Drinking Chocolate;Hot chocolate;Sustainably Grown Organic Lg;Lower Manhattan
3820.75;899;582;Morning;Coffee;Barista Espresso;Latte Rg;Hell's Kitchen
2445.00;652;436;Morning;Drinking Chocolate;Hot chocolate;Sustainably Grown Organic Rg;Astoria
1298.00;590;414;Morning;Coffee;Organic brewed coffee;Brazilian Sm;Astoria
2015.00;806;550;Morning;Tea;Brewed Black tea;Earl Grey Rg;Hell's Kitchen
514.50;147;144;Afternoon;Bakery;Pastry;Croissant;Astoria
1245.00;498;330;Afternoon;Tea;Brewed herbal tea;Peppermint Rg;Astoria
1500.00;400;227;Afternoon;Coffee;Barista Espresso;Latte;Lower Manhattan
1457.75;343;228;Afternoon;Coffee;Barista Espresso;Cappuccino Lg;Lower Manhattan
1740.00;464;313;Afternoon;Coffee;Barista Espresso;Latte;Astoria
877.30;283;174;Afternoon;Coffee;Premium brewed coffee;Jamaican Coffee River Rg;Hell's Kitchen
783.20;356;226;Afternoon;Coffee;Organic brewed coffee;Brazilian Sm;Lower Manhattan
1684.00;842;525;Morning;Coffee;Drip coffee;Our Old Time Diner Blend Sm;Lower Manhattan
2970.03;789;789;Morning;Bakery;Pastry;Chocolate Croissant;Lower Manhattan
2894.50;827;504;Morning;Coffee;Organic brewed coffee;Brazilian Lg;Lower Manhattan
2137.50;855;584;Morning;Tea;Brewed Chai tea;Morning Sunrise Chai Rg;Hell's Kitchen
2208.00;736;487;Morning;Tea;Brewed herbal tea;Peppermint Lg;Hell's Kitchen
1861.20;846;507;Morning;Coffee;Organic brewed coffee;Brazilian Sm;Lower Manhattan
3228.75;861;549;Morning;Coffee;Barista Espresso;Latte;Lower Manhattan
1414.00;404;401;Morning;Bakery;Biscotti;Ginger Biscotti;Hell's Kitchen
2373.00;791;512;Morning;Tea;Brewed Chai tea;Traditional Blend Chai Lg;Hell's Kitchen
2190.00;876;536;Morning;Tea;Brewed Chai tea;Morning Sunrise Chai Rg;Lower Manhattan
2373.00;791;498;Morning;Tea;Brewed Black tea;Earl Grey Lg;Hell's Kitchen
1779.00;593;407;Morning;Tea;Brewed herbal tea;Peppermint Lg;Astoria
1806.00;602;409;Morning;Tea;Brewed Black tea;English Breakfast Lg;Astoria
3243.75;865;518;Morning;Coffee;Barista Espresso;Cappuccino;Lower Manhattan
1211.00;346;220;Afternoon;Coffee;Organic brewed coffee;Brazilian Lg;Hell's Kitchen
1134.00;324;229;Afternoon;Coffee;Gourmet brewed coffee;Ethiopia Lg;Astoria
1258.75;265;170;Afternoon;Drinking Chocolate;Hot chocolate;Sustainably Grown Organic Lg;Lower Manhattan
1624.96;460;460;Morning;Bakery;Biscotti;Chocolate Chip Biscotti;Lower Manhattan
2317.50;927;566;Morning;Coffee;Gourmet brewed coffee;Columbian Medium Roast Rg;Lower Manhattan
2392.50;957;593;Morning;Tea;Brewed Black tea;English Breakfast Rg;Lower Manhattan
1995.00;798;518;Morning;Coffee;Drip coffee;Our Old Time Diner Blend Rg;Hell's Kitchen
3089.75;727;506;Morning;Coffee;Barista Espresso;Cappuccino Lg;Hell's Kitchen
3642.25;857;536;Morning;Coffee;Barista Espresso;Cappuccino Lg;Lower Manhattan
2433.00;811;511;Morning;Coffee;Barista Espresso;Espresso shot;Lower Manhattan
2383.90;769;446;Morning;Coffee;Premium brewed coffee;Jamaican Coffee River Rg;Lower Manhattan
3487.50;775;536;Morning;Drinking Chocolate;Hot chocolate;Dark chocolate Lg;Astoria
1502.60;683;460;Morning;Coffee;Gourmet brewed coffee;Ethiopia Sm;Hell's Kitchen
2159.50;617;429;Morning;Coffee;Gourmet brewed coffee;Ethiopia Lg;Astoria
2268.00;504;504;Morning;Bakery;Scone;Scottish Cream Scone ;Hell's Kitchen
1770.00;708;482;Morning;Tea;Brewed Chai tea;Traditional Blend Chai Rg;Astoria
2272.50;606;429;Morning;Coffee;Premium brewed coffee;Jamaican Coffee River Lg;Astoria
1905.00;762;504;Morning;Tea;Brewed Black tea;Earl Grey Rg;Astoria
783.75;209;145;Afternoon;Coffee;Premium brewed coffee;Jamaican Coffee River Lg;Hell's Kitchen
879.00;293;194;Afternoon;Tea;Brewed Green tea;Serenity Green Tea Lg;Hell's Kitchen
760.00;304;191;Afternoon;Tea;Brewed Green tea;Serenity Green Tea Rg;Lower Manhattan
734.00;367;237;Afternoon;Coffee;Gourmet brewed coffee;Columbian Medium Roast Sm;Astoria
1458.75;389;265;Afternoon;Drinking Chocolate;Hot chocolate;Sustainably Grown Organic Rg;Astoria
1245.00;415;271;Afternoon;Coffee;Drip coffee;Our Old Time Diner Blend Lg;Astoria
1237.50;330;211;Afternoon;Coffee;Barista Espresso;Latte;Hell's Kitchen
1125.00;450;319;Afternoon;Coffee;Gourmet brewed coffee;Columbian Medium Roast Rg;Astoria
1177.50;314;211;Afternoon;Drinking Chocolate;Hot chocolate;Sustainably Grown Organic Rg;Hell's Kitchen
1389.00;463;319;Afternoon;Tea;Brewed Chai tea;Traditional Blend Chai Lg;Astoria
1012.35;397;261;Afternoon;Tea;Brewed Chai tea;Spicy Eye Opener Chai Rg;Astoria
879.00;293;201;Afternoon;Coffee;Gourmet brewed coffee;Columbian Medium Roast Lg;Hell's Kitchen
2326.50;517;321;Afternoon;Drinking Chocolate;Hot chocolate;Dark chocolate Lg;Astoria
610.78;173;173;Afternoon;Bakery;Pastry;Croissant;Lower Manhattan
2170.75;457;316;Afternoon;Drinking Chocolate;Hot chocolate;Sustainably Grown Organic Lg;Astoria
1212.00;404;269;Afternoon;Tea;Brewed Green tea;Serenity Green Tea Lg;Astoria
1143.00;381;228;Afternoon;Coffee;Gourmet brewed coffee;Columbian Medium Roast Lg;Lower Manhattan
609.40;277;183;Afternoon;Coffee;Organic brewed coffee;Brazilian Sm;Hell's Kitchen
744.00;248;169;Afternoon;Coffee;Drip coffee;Our Old Time Diner Blend Lg;Lower Manhattan
2376.00;792;530;Morning;Tea;Brewed Green tea;Serenity Green Tea Lg;Hell's Kitchen
3607.50;962;621;Morning;Coffee;Premium brewed coffee;Jamaican Coffee River Lg;Lower Manhattan
1214.00;607;424;Morning;Coffee;Drip coffee;Our Old Time Diner Blend Sm;Astoria
1543.60;436;436;Morning;Bakery;Pastry;Croissant;Lower Manhattan
1050.00;280;277;Morning;Bakery;Scone;Jumbo Savory Scone;Astoria
1552.50;621;434;Morning;Tea;Brewed Green tea;Serenity Green Tea Rg;Astoria
1914.47;635;541;Morning;Bakery;Scone;Ginger Scone;Lower Manhattan
1197.00;399;273;Afternoon;Tea;Brewed Black tea;English Breakfast Lg;Astoria
1152.50;461;315;Afternoon;Coffee;Drip coffee;Our Old Time Diner Blend Rg;Astoria
1100.50;355;227;Afternoon;Tea;Brewed Chai tea;Spicy Eye Opener Chai Lg;Lower Manhattan
589.50;131;131;Afternoon;Bakery;Scone;Scottish Cream Scone ;Hell's Kitchen
1395.00;465;313;Afternoon;Tea;Brewed herbal tea;Lemon Grass Lg;Astoria
765.00;306;195;Afternoon;Tea;Brewed herbal tea;Lemon Grass Rg;Hell's Kitchen
1888.00;472;332;Afternoon;Tea;Brewed Chai tea;Morning Sunrise Chai Lg;Astoria
972.00;243;167;Afternoon;Tea;Brewed Chai tea;Morning Sunrise Chai Lg;Hell's Kitchen
937.50;375;244;Afternoon;Coffee;Drip coffee;Our Old Time Diner Blend Rg;Lower Manhattan
1080.00;432;299;Afternoon;Tea;Brewed herbal tea;Lemon Grass Rg;Astoria
1035.00;276;192;Afternoon;Coffee;Premium brewed coffee;Jamaican Coffee River Lg;Lower Manhattan
809.60;368;221;Afternoon;Coffee;Gourmet brewed coffee;Ethiopia Sm;Lower Manhattan
739.50;290;177;Afternoon;Tea;Brewed Chai tea;Spicy Eye Opener Chai Rg;Lower Manhattan
1110.00;444;301;Afternoon;Tea;Brewed Green tea;Serenity Green Tea Rg;Astoria
2364.00;788;530;Morning;Coffee;Gourmet brewed coffee;Ethiopia Rg;Hell's Kitchen
2150.00;860;519;Morning;Coffee;Drip coffee;Our Old Time Diner Blend Rg;Lower Manhattan
905.00;362;229;Afternoon;Coffee;Gourmet brewed coffee;Columbian Medium Roast Rg;Lower Manhattan
895.00;358;243;Afternoon;Tea;Brewed Chai tea;Traditional Blend Chai Rg;Astoria
828.91;277;226;Afternoon;Bakery;Scone;Ginger Scone;Lower Manhattan
1113.00;371;245;Afternoon;Coffee;Barista Espresso;Espresso shot;Hell's Kitchen
506.05;157;144;Afternoon;Bakery;Scone;Ginger Scone;Hell's Kitchen
821.10;322;227;Afternoon;Tea;Brewed Chai tea;Spicy Eye Opener Chai Rg;Hell's Kitchen
262.50;75;75;Afternoon;Bakery;Pastry;Croissant;Hell's Kitchen
1211.25;323;225;Afternoon;Coffee;Barista Espresso;Cappuccino;Hell's Kitchen
1005.00;402;242;Afternoon;Tea;Brewed Chai tea;Traditional Blend Chai Rg;Lower Manhattan
1516.07;461;461;Morning;Bakery;Scone;Cranberry Scone;Lower Manhattan
1920.00;640;437;Morning;Coffee;Gourmet brewed coffee;Columbian Medium Roast Lg;Astoria
2022.00;674;434;Morning;Coffee;Organic brewed coffee;Brazilian Rg;Astoria
795.00;318;209;Afternoon;Tea;Brewed Black tea;Earl Grey Rg;Hell's Kitchen
1150.00;460;306;Afternoon;Tea;Brewed Chai tea;Morning Sunrise Chai Rg;Astoria
936.00;312;202;Afternoon;Tea;Brewed Black tea;English Breakfast Lg;Hell's Kitchen
813.00;271;178;Afternoon;Tea;Brewed Chai tea;Traditional Blend Chai Lg;Hell's Kitchen
1456.00;416;292;Afternoon;Drinking Chocolate;Hot chocolate;Dark chocolate Rg;Astoria
721.60;328;220;Afternoon;Coffee;Gourmet brewed coffee;Ethiopia Sm;Hell's Kitchen
1220.70;445;282;Afternoon;Coffee;Barista Espresso;Ouro Brasileiro shot;Lower Manhattan
972.00;324;205;Afternoon;Tea;Brewed Black tea;Earl Grey Lg;Lower Manhattan
1029.00;343;191;Afternoon;Tea;Brewed herbal tea;Lemon Grass Lg;Lower Manhattan
1071.00;357;244;Afternoon;Coffee;Organic brewed coffee;Brazilian Rg;Hell's Kitchen
1413.75;377;257;Afternoon;Drinking Chocolate;Hot chocolate;Sustainably Grown Organic Rg;Lower Manhattan
1104.00;368;233;Afternoon;Coffee;Gourmet brewed coffee;Ethiopia Rg;Astoria
725.00;290;199;Afternoon;Coffee;Gourmet brewed coffee;Columbian Medium Roast Rg;Hell's Kitchen
825.00;275;182;Afternoon;Tea;Brewed herbal tea;Peppermint Lg;Hell's Kitchen
932.50;373;247;Afternoon;Tea;Brewed Chai tea;Morning Sunrise Chai Rg;Hell's Kitchen
715.00;220;213;Afternoon;Bakery;Biscotti;Hazelnut Biscotti;Astoria
1391.90;449;324;Afternoon;Tea;Brewed Chai tea;Spicy Eye Opener Chai Lg;Astoria
750.00;375;241;Afternoon;Coffee;Drip coffee;Our Old Time Diner Blend Sm;Hell's Kitchen
738.00;246;158;Afternoon;Tea;Brewed Chai tea;Traditional Blend Chai Lg;Lower Manhattan
1140.00;380;237;Afternoon;Coffee;Gourmet brewed coffee;Ethiopia Rg;Hell's Kitchen
1277.50;365;253;Afternoon;Coffee;Gourmet brewed coffee;Ethiopia Lg;Hell's Kitchen
785.00;314;183;Afternoon;Tea;Brewed herbal tea;Lemon Grass Rg;Lower Manhattan
652.50;261;176;Afternoon;Tea;Brewed Black tea;English Breakfast Rg;Hell's Kitchen
966.00;276;174;Afternoon;Coffee;Organic brewed coffee;Brazilian Lg;Lower Manhattan
600.94;160;160;Afternoon;Bakery;Pastry;Chocolate Croissant;Lower Manhattan
923.65;377;254;Afternoon;Coffee;Premium brewed coffee;Jamaican Coffee River Sm;Lower Manhattan
1236.75;291;172;Afternoon;Coffee;Barista Espresso;Latte Rg;Lower Manhattan
562.25;173;173;Afternoon;Bakery;Biscotti;Hazelnut Biscotti;Lower Manhattan
446.25;119;119;Afternoon;Bakery;Pastry;Chocolate Croissant;Hell's Kitchen
843.75;225;218;Afternoon;Bakery;Scone;Jumbo Savory Scone;Astoria
1083.00;361;228;Afternoon;Tea;Brewed herbal tea;Peppermint Lg;Lower Manhattan
1251.00;417;254;Afternoon;Tea;Brewed Black tea;English Breakfast Lg;Lower Manhattan
751.50;167;167;Afternoon;Bakery;Scone;Scottish Cream Scone ;Lower Manhattan
1326.00;312;204;Afternoon;Coffee;Barista Espresso;Latte Rg;Hell's Kitchen
1068.00;356;249;Afternoon;Coffee;Gourmet brewed coffee;Columbian Medium Roast Lg;Astoria
872.50;349;201;Afternoon;Tea;Brewed herbal tea;Peppermint Rg;Lower Manhattan
710.50;290;181;Afternoon;Coffee;Premium brewed coffee;Jamaican Coffee River Sm;Hell's Kitchen
1107.50;443;288;Afternoon;Tea;Brewed Black tea;Earl Grey Rg;Astoria
807.00;269;183;Afternoon;Tea;Brewed Black tea;Earl Grey Lg;Hell's Kitchen
852.60;348;250;Afternoon;Coffee;Premium brewed coffee;Jamaican Coffee River Sm;Astoria
1980.50;466;295;Afternoon;Coffee;Barista Espresso;Latte Rg;Astoria
1038.75;277;188;Afternoon;Coffee;Barista Espresso;Cappuccino;Lower Manhattan
1338.00;446;302;Afternoon;Coffee;Organic brewed coffee;Brazilian Rg;Astoria
650.00;260;160;Afternoon;Tea;Brewed Black tea;Earl Grey Rg;Lower Manhattan
614.25;189;179;Afternoon;Bakery;Scone;Cranberry Scone;Astoria
763.40;347;231;Afternoon;Coffee;Gourmet brewed coffee;Ethiopia Sm;Astoria
620.00;310;202;Afternoon;Coffee;Gourmet brewed coffee;Columbian Medium Roast Sm;Lower Manhattan
693.00;198;180;Afternoon;Bakery;Biscotti;Chocolate Chip Biscotti;Astoria
804.00;268;171;Afternoon;Coffee;Barista Espresso;Espresso shot;Lower Manhattan
917.50;367;238;Afternoon;Tea;Brewed herbal tea;Peppermint Rg;Hell's Kitchen
1781.25;475;329;Afternoon;Coffee;Premium brewed coffee;Jamaican Coffee River Lg;Astoria
1519.00;434;260;Afternoon;Coffee;Gourmet brewed coffee;Ethiopia Lg;Lower Manhattan
1155.00;308;198;Evening;Coffee;Barista Espresso;Latte;Hell's Kitchen
1151.75;271;191;Evening;Coffee;Barista Espresso;Cappuccino Lg;Hell's Kitchen
945.70;386;263;Evening;Coffee;Premium brewed coffee;Jamaican Coffee River Sm;Astoria
1067.50;427;291;Evening;Tea;Brewed herbal tea;Lemon Grass Rg;Astoria
927.50;371;252;Evening;Coffee;Drip coffee;Our Old Time Diner Blend Rg;Astoria
1192.50;477;330;Evening;Coffee;Gourmet brewed coffee;Columbian Medium Roast Rg;Astoria
767.50;307;208;Evening;Coffee;Gourmet brewed coffee;Columbian Medium Roast Rg;Hell's Kitchen
1195.95;469;298;Evening;Tea;Brewed Chai tea;Spicy Eye Opener Chai Rg;Astoria
840.00;224;147;Evening;Coffee;Barista Espresso;Cappuccino;Lower Manhattan
1762.50;470;300;Evening;Coffee;Premium brewed coffee;Jamaican Coffee River Lg;Astoria
432.00;216;130;Evening;Coffee;Drip coffee;Our Old Time Diner Blend Sm;Lower Manhattan
1055.00;422;282;Evening;Tea;Brewed herbal tea;Peppermint Rg;Astoria
379.95;149;106;Evening;Tea;Brewed Chai tea;Spicy Eye Opener Chai Rg;Lower Manhattan
1122.00;374;234;Evening;Tea;Brewed Chai tea;Traditional Blend Chai Lg;Hell's Kitchen
1207.50;345;245;Evening;Coffee;Organic brewed coffee;Brazilian Lg;Astoria
316.00;158;109;Evening;Coffee;Gourmet brewed coffee;Columbian Medium Roast Sm;Lower Manhattan
1036.00;296;203;Evening;Drinking Chocolate;Hot chocolate;Dark chocolate Rg;Hell's Kitchen
1284.50;367;241;Evening;Coffee;Gourmet brewed coffee;Ethiopia Lg;Astoria
605.00;242;146;Evening;Coffee;Drip coffee;Our Old Time Diner Blend Rg;Lower Manhattan
1082.50;433;295;Evening;Tea;Brewed Chai tea;Morning Sunrise Chai Rg;Astoria
435.00;174;103;Evening;Tea;Brewed herbal tea;Peppermint Rg;Lower Manhattan
264.03;84;79;Evening;Bakery;Scone;Ginger Scone;Lower Manhattan
390.00;130;89;Evening;Tea;Brewed Chai tea;Traditional Blend Chai Lg;Lower Manhattan
311.26;82;82;Evening;Bakery;Pastry;Chocolate Croissant;Lower Manhattan
737.50;295;203;Evening;Tea;Brewed herbal tea;Lemon Grass Rg;Hell's Kitchen
848.00;424;297;Evening;Coffee;Gourmet brewed coffee;Columbian Medium Roast Sm;Astoria
1823.50;521;325;Evening;Drinking Chocolate;Hot chocolate;Dark chocolate Rg;Astoria
555.75;171;164;Evening;Bakery;Biscotti;Hazelnut Biscotti;Astoria
967.50;258;152;Evening;Coffee;Premium brewed coffee;Jamaican Coffee River Lg;Lower Manhattan
945.00;315;208;Evening;Tea;Brewed Green tea;Serenity Green Tea Lg;Hell's Kitchen
510.40;232;140;Evening;Coffee;Gourmet brewed coffee;Ethiopia Sm;Lower Manhattan
753.30;243;169;Evening;Coffee;Premium brewed coffee;Jamaican Coffee River Rg;Hell's Kitchen
1448.00;362;231;Evening;Tea;Brewed Chai tea;Morning Sunrise Chai Lg;Hell's Kitchen
660.00;300;197;Evening;Coffee;Gourmet brewed coffee;Ethiopia Sm;Hell's Kitchen
444.50;127;127;Evening;Bakery;Pastry;Croissant;Lower Manhattan
1126.25;265;184;Evening;Coffee;Barista Espresso;Latte Rg;Hell's Kitchen
824.00;412;261;Evening;Coffee;Gourmet brewed coffee;Columbian Medium Roast Sm;Hell's Kitchen
222.00;74;74;Evening;Bakery;Scone;Oatmeal Scone;Hell's Kitchen
522.50;209;127;Evening;Tea;Brewed Black tea;English Breakfast Rg;Lower Manhattan
1559.75;367;249;Evening;Coffee;Barista Espresso;Cappuccino Lg;Astoria
353.50;101;101;Evening;Bakery;Biscotti;Chocolate Chip Biscotti;Hell's Kitchen
621.00;207;145;Evening;Coffee;Barista Espresso;Espresso shot;Lower Manhattan
266.50;82;82;Evening;Bakery;Scone;Cranberry Scone;Lower Manhattan
862.50;345;238;Evening;Tea;Brewed Green tea;Serenity Green Tea Rg;Astoria
845.00;338;213;Evening;Tea;Brewed Chai tea;Morning Sunrise Chai Rg;Hell's Kitchen
843.75;225;222;Evening;Bakery;Pastry;Chocolate Croissant;Astoria
947.50;379;243;Evening;Tea;Brewed Chai tea;Traditional Blend Chai Rg;Hell's Kitchen
707.00;202;197;Evening;Bakery;Biscotti;Ginger Biscotti;Astoria
1158.50;331;218;Evening;Coffee;Organic brewed coffee;Brazilian Lg;Hell's Kitchen
1185.00;316;212;Evening;Drinking Chocolate;Hot chocolate;Sustainably Grown Organic Rg;Hell's Kitchen
585.00;195;130;Evening;Tea;Brewed herbal tea;Peppermint Lg;Lower Manhattan
1728.75;461;321;Evening;Drinking Chocolate;Hot chocolate;Sustainably Grown Organic Rg;Astoria
933.00;311;209;Evening;Coffee;Gourmet brewed coffee;Columbian Medium Roast Lg;Hell's Kitchen
1117.75;263;159;Evening;Coffee;Barista Espresso;Latte Rg;Lower Manhattan
963.00;321;210;Evening;Tea;Brewed herbal tea;Peppermint Lg;Hell's Kitchen
615.00;205;133;Evening;Tea;Brewed Black tea;English Breakfast Lg;Lower Manhattan
731.25;195;185;Evening;Bakery;Scone;Jumbo Savory Scone;Astoria
925.00;370;242;Evening;Coffee;Drip coffee;Our Old Time Diner Blend Rg;Hell's Kitchen
976.80;444;301;Evening;Coffee;Organic brewed coffee;Brazilian Sm;Astoria
602.50;241;151;Evening;Tea;Brewed Chai tea;Traditional Blend Chai Rg;Lower Manhattan
315.00;90;90;Evening;Bakery;Biscotti;Chocolate Chip Biscotti;Lower Manhattan
2189.75;461;297;Evening;Drinking Chocolate;Hot chocolate;Sustainably Grown Organic Lg;Astoria
1197.00;399;275;Evening;Coffee;Gourmet brewed coffee;Ethiopia Rg;Astoria
942.00;314;211;Evening;Tea;Brewed herbal tea;Lemon Grass Lg;Hell's Kitchen
505.00;202;121;Evening;Tea;Brewed Chai tea;Morning Sunrise Chai Rg;Lower Manhattan
1068.00;356;232;Evening;Tea;Brewed Black tea;English Breakfast Lg;Hell's Kitchen
1398.10;451;297;Evening;Tea;Brewed Chai tea;Spicy Eye Opener Chai Lg;Astoria
1353.75;361;254;Evening;Coffee;Barista Espresso;Latte;Astoria
662.00;331;221;Evening;Coffee;Drip coffee;Our Old Time Diner Blend Sm;Hell's Kitchen
423.75;113;113;Evening;Bakery;Pastry;Almond Croissant;Hell's Kitchen
1128.00;376;265;Evening;Tea;Brewed herbal tea;Lemon Grass Lg;Astoria
825.00;275;193;Evening;Coffee;Drip coffee;Our Old Time Diner Blend Lg;Hell's Kitchen
1050.00;280;186;Evening;Coffee;Barista Espresso;Cappuccino;Hell's Kitchen
1248.00;416;279;Evening;Tea;Brewed Black tea;Earl Grey Lg;Astoria
1643.50;346;218;Evening;Drinking Chocolate;Hot chocolate;Sustainably Grown Organic Lg;Hell's Kitchen
1494.00;498;314;Evening;Coffee;Barista Espresso;Espresso shot;Astoria
858.00;286;210;Evening;Coffee;Gourmet brewed coffee;Ethiopia Rg;Hell's Kitchen
2207.50;883;529;Morning;Tea;Brewed herbal tea;Lemon Grass Rg;Lower Manhattan
2577.00;859;534;Morning;Tea;Brewed Chai tea;Traditional Blend Chai Lg;Lower Manhattan
2097.00;699;462;Morning;Coffee;Gourmet brewed coffee;Columbian Medium Roast Lg;Hell's Kitchen
2349.00;783;555;Morning;Coffee;Organic brewed coffee;Brazilian Rg;Hell's Kitchen
1518.75;405;405;Morning;Bakery;Scone;Jumbo Savory Scone;Hell's Kitchen
3148.00;787;524;Morning;Tea;Brewed Chai tea;Morning Sunrise Chai Lg;Hell's Kitchen
1397.50;430;430;Morning;Bakery;Scone;Cranberry Scone;Hell's Kitchen
2774.40;1031;776;Morning;Coffee;Barista Espresso;Ouro Brasileiro shot;Hell's Kitchen
1172.50;335;335;Morning;Bakery;Biscotti;Chocolate Chip Biscotti;Hell's Kitchen
2403.00;801;546;Morning;Tea;Brewed herbal tea;Lemon Grass Lg;Hell's Kitchen
2089.50;597;393;Morning;Coffee;Organic brewed coffee;Brazilian Lg;Astoria
1007.50;310;305;Morning;Bakery;Scone;Cranberry Scone;Astoria
717.00;239;237;Morning;Bakery;Scone;Oatmeal Scone;Astoria
2390.00;956;574;Morning;Tea;Brewed Green tea;Serenity Green Tea Rg;Lower Manhattan
2411.25;643;431;Morning;Coffee;Barista Espresso;Cappuccino;Astoria
1555.00;622;407;Morning;Tea;Brewed herbal tea;Lemon Grass Rg;Astoria
1685.00;674;452;Morning;Coffee;Gourmet brewed coffee;Columbian Medium Roast Rg;Astoria
2223.00;741;489;Morning;Coffee;Barista Espresso;Espresso shot;Hell's Kitchen
2921.25;779;779;Morning;Bakery;Pastry;Chocolate Croissant;Hell's Kitchen
796.40;362;243;Afternoon;Coffee;Organic brewed coffee;Brazilian Sm;Astoria
1260.00;315;197;Afternoon;Tea;Brewed Chai tea;Morning Sunrise Chai Lg;Lower Manhattan
1236.00;412;281;Afternoon;Tea;Brewed Black tea;Earl Grey Lg;Astoria
951.00;317;201;Afternoon;Coffee;Organic brewed coffee;Brazilian Rg;Lower Manhattan
1568.25;369;244;Afternoon;Coffee;Barista Espresso;Cappuccino Lg;Astoria
857.50;343;232;Evening;Tea;Brewed Green tea;Serenity Green Tea Rg;Hell's Kitchen
555.00;222;141;Evening;Tea;Brewed herbal tea;Lemon Grass Rg;Lower Manhattan
1236.90;399;253;Evening;Coffee;Premium brewed coffee;Jamaican Coffee River Rg;Astoria
1280.00;512;341;Evening;Tea;Brewed Black tea;Earl Grey Rg;Astoria
594.00;132;132;Evening;Bakery;Scone;Scottish Cream Scone ;Hell's Kitchen
1332.00;444;312;Evening;Tea;Brewed Green tea;Serenity Green Tea Lg;Astoria
1323.00;441;298;Evening;Coffee;Gourmet brewed coffee;Columbian Medium Roast Lg;Astoria
1060.20;342;232;Evening;Tea;Brewed Chai tea;Spicy Eye Opener Chai Lg;Hell's Kitchen
1260.00;420;288;Evening;Coffee;Drip coffee;Our Old Time Diner Blend Lg;Astoria
1581.00;372;256;Evening;Coffee;Barista Espresso;Latte Rg;Astoria
1953.60;888;505;Morning;Coffee;Gourmet brewed coffee;Ethiopia Sm;Lower Manhattan
1406.00;703;463;Morning;Coffee;Gourmet brewed coffee;Columbian Medium Roast Sm;Hell's Kitchen
2523.00;841;500;Morning;Coffee;Gourmet brewed coffee;Columbian Medium Roast Lg;Lower Manhattan
1947.00;649;446;Morning;Coffee;Gourmet brewed coffee;Ethiopia Rg;Astoria
1852.40;842;554;Morning;Coffee;Gourmet brewed coffee;Ethiopia Sm;Astoria
1908.00;636;409;Morning;Tea;Brewed Chai tea;Traditional Blend Chai Lg;Astoria
2064.00;688;469;Morning;Coffee;Drip coffee;Our Old Time Diner Blend Lg;Astoria
799.71;211;211;Afternoon;Bakery;Scone;Jumbo Savory Scone;Lower Manhattan
1032.30;333;228;Afternoon;Tea;Brewed Chai tea;Spicy Eye Opener Chai Lg;Hell's Kitchen
887.25;273;268;Morning;Bakery;Biscotti;Hazelnut Biscotti;Astoria
390.00;130;130;Afternoon;Bakery;Scone;Oatmeal Scone;Lower Manhattan
364.00;104;104;Afternoon;Bakery;Biscotti;Chocolate Chip Biscotti;Hell's Kitchen
1667.25;351;217;Afternoon;Drinking Chocolate;Hot chocolate;Sustainably Grown Organic Lg;Hell's Kitchen
441.04;124;124;Afternoon;Bakery;Biscotti;Ginger Biscotti;Lower Manhattan
1080.60;386;282;Evening;Coffee;Barista Espresso;Ouro Brasileiro shot;Hell's Kitchen
1080.00;540;367;Evening;Coffee;Drip coffee;Our Old Time Diner Blend Sm;Astoria
1590.00;424;279;Evening;Coffee;Barista Espresso;Cappuccino;Astoria
512.50;205;128;Evening;Tea;Brewed Green tea;Serenity Green Tea Rg;Lower Manhattan
1150.00;460;306;Evening;Tea;Brewed Chai tea;Traditional Blend Chai Rg;Astoria
595.00;238;145;Evening;Tea;Brewed Black tea;Earl Grey Rg;Lower Manhattan
2083.50;463;309;Evening;Drinking Chocolate;Hot chocolate;Dark chocolate Lg;Astoria
1327.50;354;244;Evening;Coffee;Premium brewed coffee;Jamaican Coffee River Lg;Hell's Kitchen
632.10;258;156;Evening;Coffee;Premium brewed coffee;Jamaican Coffee River Sm;Lower Manhattan
493.50;141;137;Evening;Bakery;Pastry;Croissant;Astoria
1844.00;461;304;Evening;Tea;Brewed Chai tea;Morning Sunrise Chai Lg;Astoria
727.65;297;178;Evening;Coffee;Premium brewed coffee;Jamaican Coffee River Sm;Hell's Kitchen
994.50;221;204;Evening;Bakery;Scone;Scottish Cream Scone ;Astoria
906.00;302;193;Evening;Coffee;Organic brewed coffee;Brazilian Rg;Hell's Kitchen
522.50;209;141;Evening;Tea;Brewed herbal tea;Peppermint Rg;Hell's Kitchen
885.00;295;197;Evening;Coffee;Barista Espresso;Espresso shot;Hell's Kitchen
1944.80;884;567;Morning;Coffee;Organic brewed coffee;Brazilian Sm;Hell's Kitchen
2961.00;846;555;Morning;Coffee;Organic brewed coffee;Brazilian Lg;Hell's Kitchen
1857.50;743;496;Morning;Tea;Brewed Black tea;English Breakfast Rg;Hell's Kitchen
1568.00;640;421;Morning;Coffee;Premium brewed coffee;Jamaican Coffee River Sm;Hell's Kitchen
2005.00;802;542;Morning;Coffee;Gourmet brewed coffee;Columbian Medium Roast Rg;Hell's Kitchen
960.00;320;196;Afternoon;Tea;Brewed Green tea;Serenity Green Tea Lg;Lower Manhattan
594.00;297;179;Afternoon;Coffee;Drip coffee;Our Old Time Diner Blend Sm;Lower Manhattan
558.00;124;121;Afternoon;Bakery;Scone;Scottish Cream Scone ;Astoria
584.00;292;197;Afternoon;Coffee;Gourmet brewed coffee;Columbian Medium Roast Sm;Hell's Kitchen
789.00;263;166;Afternoon;Tea;Brewed herbal tea;Lemon Grass Lg;Hell's Kitchen
1153.80;420;293;Afternoon;Coffee;Barista Espresso;Ouro Brasileiro shot;Hell's Kitchen
934.50;267;180;Afternoon;Drinking Chocolate;Hot chocolate;Dark chocolate Rg;Lower Manhattan
1659.00;474;288;Afternoon;Coffee;Organic brewed coffee;Brazilian Lg;Astoria
947.50;379;250;Evening;Tea;Brewed Black tea;Earl Grey Rg;Hell's Kitchen
657.50;263;184;Afternoon;Coffee;Drip coffee;Our Old Time Diner Blend Rg;Hell's Kitchen
1182.00;394;262;Afternoon;Coffee;Gourmet brewed coffee;Ethiopia Rg;Lower Manhattan
957.50;383;223;Afternoon;Tea;Brewed Black tea;English Breakfast Rg;Lower Manhattan
1525.50;339;229;Afternoon;Drinking Chocolate;Hot chocolate;Dark chocolate Lg;Hell's Kitchen
468.75;125;125;Afternoon;Bakery;Pastry;Almond Croissant;Hell's Kitchen
285.00;76;76;Afternoon;Bakery;Scone;Jumbo Savory Scone;Hell's Kitchen
1017.50;407;267;Afternoon;Tea;Brewed Green tea;Serenity Green Tea Rg;Hell's Kitchen
1170.00;390;266;Afternoon;Coffee;Barista Espresso;Espresso shot;Astoria
1282.50;342;241;Afternoon;Coffee;Barista Espresso;Cappuccino;Astoria
549.25;169;169;Afternoon;Bakery;Scone;Ginger Scone;Astoria
1190.00;280;190;Afternoon;Coffee;Barista Espresso;Cappuccino Lg;Hell's Kitchen
802.50;214;206;Afternoon;Bakery;Pastry;Chocolate Croissant;Astoria
965.00;386;270;Afternoon;Tea;Brewed Black tea;English Breakfast Rg;Astoria
660.00;264;172;Afternoon;Tea;Brewed Chai tea;Traditional Blend Chai Rg;Hell's Kitchen
616.00;176;176;Afternoon;Bakery;Biscotti;Chocolate Chip Biscotti;Lower Manhattan
487.50;130;130;Afternoon;Bakery;Pastry;Almond Croissant;Astoria
645.00;215;210;Afternoon;Bakery;Scone;Oatmeal Scone;Astoria
1575.00;350;246;Afternoon;Drinking Chocolate;Hot chocolate;Dark chocolate Lg;Lower Manhattan
338.00;104;104;Afternoon;Bakery;Biscotti;Hazelnut Biscotti;Hell's Kitchen
652.50;174;174;Afternoon;Bakery;Pastry;Almond Croissant;Lower Manhattan
1368.00;456;303;Evening;Tea;Brewed herbal tea;Peppermint Lg;Astoria
684.00;228;142;Evening;Coffee;Gourmet brewed coffee;Columbian Medium Roast Lg;Lower Manhattan
315.02;69;69;Evening;Bakery;Scone;Scottish Cream Scone ;Lower Manhattan
1137.00;379;262;Evening;Tea;Brewed Chai tea;Traditional Blend Chai Lg;Astoria
1012.50;405;270;Evening;Tea;Brewed Black tea;English Breakfast Rg;Astoria
492.00;164;117;Evening;Coffee;Organic brewed coffee;Brazilian Rg;Lower Manhattan
746.25;199;195;Evening;Bakery;Pastry;Almond Croissant;Astoria
728.50;235;168;Evening;Tea;Brewed Chai tea;Spicy Eye Opener Chai Lg;Lower Manhattan
941.60;428;294;Evening;Coffee;Gourmet brewed coffee;Ethiopia Sm;Astoria
366.00;122;122;Evening;Bakery;Scone;Oatmeal Scone;Lower Manhattan
834.00;278;166;Evening;Coffee;Gourmet brewed coffee;Ethiopia Rg;Lower Manhattan
1149.00;383;275;Evening;Tea;Brewed Black tea;English Breakfast Lg;Astoria
759.00;345;230;Evening;Coffee;Organic brewed coffee;Brazilian Sm;Hell's Kitchen
542.75;167;162;Evening;Bakery;Scone;Ginger Scone;Astoria
575.00;230;151;Evening;Coffee;Gourmet brewed coffee;Columbian Medium Roast Rg;Lower Manhattan
1050.00;300;197;Evening;Coffee;Gourmet brewed coffee;Ethiopia Lg;Hell's Kitchen
854.00;244;151;Evening;Coffee;Organic brewed coffee;Brazilian Lg;Lower Manhattan
604.50;186;186;Evening;Bakery;Scone;Cranberry Scone;Astoria
304.50;87;87;Evening;Bakery;Biscotti;Ginger Biscotti;Lower Manhattan
1218.00;406;290;Evening;Coffee;Organic brewed coffee;Brazilian Rg;Astoria
556.50;159;148;Evening;Bakery;Biscotti;Chocolate Chip Biscotti;Astoria
464.15;143;136;Evening;Bakery;Scone;Ginger Scone;Hell's Kitchen
878.75;185;124;Evening;Drinking Chocolate;Hot chocolate;Sustainably Grown Organic Lg;Lower Manhattan
568.00;142;89;Evening;Tea;Brewed Chai tea;Morning Sunrise Chai Lg;Lower Manhattan
504.00;144;88;Evening;Coffee;Gourmet brewed coffee;Ethiopia Lg;Lower Manhattan
371.25;99;99;Evening;Bakery;Pastry;Almond Croissant;Lower Manhattan
497.25;153;153;Evening;Bakery;Scone;Cranberry Scone;Hell's Kitchen
585.00;195;194;Evening;Bakery;Scone;Oatmeal Scone;Astoria
696.00;232;162;Evening;Tea;Brewed Black tea;Earl Grey Lg;Hell's Kitchen
396.50;122;122;Evening;Bakery;Biscotti;Hazelnut Biscotti;Hell's Kitchen
497.00;142;142;Evening;Bakery;Biscotti;Ginger Biscotti;Hell's Kitchen
322.00;92;92;Evening;Bakery;Pastry;Croissant;Hell's Kitchen
701.25;275;196;Evening;Tea;Brewed Chai tea;Spicy Eye Opener Chai Rg;Hell's Kitchen
1385.63;369;369;Morning;Bakery;Pastry;Almond Croissant;Lower Manhattan
2122.50;849;576;Morning;Tea;Brewed Chai tea;Traditional Blend Chai Rg;Hell's Kitchen
1371.50;422;422;Morning;Bakery;Biscotti;Hazelnut Biscotti;Hell's Kitchen
1496.00;748;489;Morning;Coffee;Gourmet brewed coffee;Columbian Medium Roast Sm;Astoria
2005.00;802;513;Morning;Tea;Brewed Chai tea;Traditional Blend Chai Rg;Lower Manhattan
2526.00;842;569;Morning;Tea;Brewed Black tea;English Breakfast Lg;Hell's Kitchen
1152.00;256;243;Morning;Bakery;Scone;Scottish Cream Scone ;Astoria
2966.50;698;481;Morning;Coffee;Barista Espresso;Cappuccino Lg;Astoria
17.00;4;4;Night;Coffee;Barista Espresso;Latte Rg;Astoria
45.00;18;10;Night;Tea;Brewed Black tea;Earl Grey Rg;Lower Manhattan
42.00;14;7;Night;Coffee;Barista Espresso;Espresso shot;Lower Manhattan
868.00;248;172;Afternoon;Drinking Chocolate;Hot chocolate;Dark chocolate Rg;Hell's Kitchen
364.00;104;104;Afternoon;Bakery;Biscotti;Ginger Biscotti;Hell's Kitchen
833.90;269;176;Afternoon;Coffee;Premium brewed coffee;Jamaican Coffee River Rg;Lower Manhattan
419.25;129;129;Afternoon;Bakery;Scone;Cranberry Scone;Hell's Kitchen
1089.00;363;254;Afternoon;Tea;Brewed herbal tea;Peppermint Lg;Astoria
1070.00;428;251;Afternoon;Tea;Brewed Chai tea;Morning Sunrise Chai Rg;Lower Manhattan
518.00;148;138;Afternoon;Bakery;Biscotti;Ginger Biscotti;Astoria
1016.25;271;170;Evening;Coffee;Barista Espresso;Latte;Lower Manhattan
465.00;124;124;Evening;Bakery;Scone;Jumbo Savory Scone;Hell's Kitchen
378.76;100;100;Evening;Bakery;Scone;Jumbo Savory Scone;Lower Manhattan
514.50;147;105;Evening;Drinking Chocolate;Hot chocolate;Dark chocolate Rg;Lower Manhattan
1363.50;303;202;Evening;Drinking Chocolate;Hot chocolate;Dark chocolate Lg;Hell's Kitchen
675.00;225;135;Evening;Tea;Brewed Black tea;Earl Grey Lg;Lower Manhattan
742.50;297;196;Evening;Tea;Brewed Black tea;English Breakfast Rg;Hell's Kitchen
2002.00;572;410;Morning;Drinking Chocolate;Hot chocolate;Dark chocolate Rg;Astoria
2190.00;584;575;Morning;Bakery;Pastry;Chocolate Croissant;Astoria
2779.50;654;433;Morning;Coffee;Barista Espresso;Latte Rg;Astoria
14.00;4;4;Night;Drinking Chocolate;Hot chocolate;Dark chocolate Rg;Astoria
667.50;178;119;Evening;Drinking Chocolate;Hot chocolate;Sustainably Grown Organic Rg;Lower Manhattan
472.50;126;126;Evening;Bakery;Pastry;Chocolate Croissant;Hell's Kitchen
2327.50;665;436;Morning;Drinking Chocolate;Hot chocolate;Dark chocolate Rg;Hell's Kitchen
1882.50;753;501;Morning;Tea;Brewed herbal tea;Peppermint Rg;Astoria
1617.50;647;460;Morning;Coffee;Drip coffee;Our Old Time Diner Blend Rg;Astoria
2576.00;644;436;Morning;Tea;Brewed Chai tea;Morning Sunrise Chai Lg;Astoria
67.50;18;14;Night;Coffee;Barista Espresso;Cappuccino;Hell's Kitchen
24.50;7;7;Night;Bakery;Biscotti;Ginger Biscotti;Hell's Kitchen
10.00;4;4;Night;Coffee;Gourmet brewed coffee;Columbian Medium Roast Rg;Lower Manhattan
468.10;151;90;Evening;Coffee;Premium brewed coffee;Jamaican Coffee River Rg;Lower Manhattan
875.50;206;127;Evening;Coffee;Barista Espresso;Cappuccino Lg;Lower Manhattan
350.17;106;106;Evening;Bakery;Biscotti;Hazelnut Biscotti;Lower Manhattan
1526.00;436;436;Morning;Bakery;Pastry;Croissant;Hell's Kitchen
18.00;6;6;Night;Coffee;Organic brewed coffee;Brazilian Rg;Astoria
58.90;19;11;Night;Coffee;Premium brewed coffee;Jamaican Coffee River Rg;Hell's Kitchen
480.00;160;101;Evening;Tea;Brewed Green tea;Serenity Green Tea Lg;Lower Manhattan
1370.00;548;383;Morning;Tea;Brewed Black tea;English Breakfast Rg;Astoria
1014.00;312;309;Morning;Bakery;Scone;Ginger Scone;Astoria
6.60;3;3;Night;Coffee;Gourmet brewed coffee;Ethiopia Sm;Lower Manhattan
612.80;766;483;Morning;Flavours;Regular syrup;Hazelnut syrup;Lower Manhattan
250.60;28;28;Morning;Loose Tea;Herbal tea;Peppermint;Lower Manhattan
1443.05;589;402;Morning;Coffee;Premium brewed coffee;Jamaican Coffee River Sm;Astoria
2247.50;725;500;Morning;Tea;Brewed Chai tea;Spicy Eye Opener Chai Lg;Astoria
576.00;720;484;Morning;Flavours;Regular syrup;Carmel syrup;Lower Manhattan
1029.00;49;49;Morning;Coffee beans;Gourmet Beans;Ethiopia;Lower Manhattan
1350.00;59;59;Morning;Coffee beans;Organic Beans;Organic Decaf Blend;Lower Manhattan
445.60;557;390;Morning;Flavours;Sugar free syrup;Sugar Free Vanilla syrup;Hell's Kitchen
748.00;935;540;Morning;Flavours;Sugar free syrup;Sugar Free Vanilla syrup;Lower Manhattan
489.60;612;417;Morning;Flavours;Regular syrup;Hazelnut syrup;Hell's Kitchen
496.80;621;409;Morning;Flavours;Regular syrup;Chocolate syrup;Hell's Kitchen
461.50;142;142;Afternoon;Bakery;Scone;Cranberry Scone;Lower Manhattan
18.00;6;3;Night;Tea;Brewed herbal tea;Lemon Grass Lg;Astoria
2295.00;765;485;Morning;Tea;Brewed Black tea;English Breakfast Lg;Lower Manhattan
2281.60;736;487;Morning;Coffee;Premium brewed coffee;Jamaican Coffee River Rg;Astoria
321.00;107;107;Afternoon;Bakery;Scone;Oatmeal Scone;Hell's Kitchen
481.50;168;109;Evening;Coffee;Barista Espresso;Ouro Brasileiro shot;Lower Manhattan
2232.00;720;488;Morning;Tea;Brewed Chai tea;Spicy Eye Opener Chai Lg;Hell's Kitchen
411.40;187;128;Evening;Coffee;Organic brewed coffee;Brazilian Sm;Lower Manhattan
468.00;156;100;Evening;Coffee;Drip coffee;Our Old Time Diner Blend Lg;Lower Manhattan
558.00;186;114;Evening;Tea;Brewed herbal tea;Lemon Grass Lg;Lower Manhattan
1821.00;607;396;Morning;Tea;Brewed Black tea;Earl Grey Lg;Astoria
978.00;326;326;Morning;Bakery;Scone;Oatmeal Scone;Hell's Kitchen
1011.50;289;282;Morning;Bakery;Biscotti;Ginger Biscotti;Astoria
55.25;13;9;Night;Coffee;Barista Espresso;Latte Rg;Lower Manhattan
1630.00;652;456;Morning;Tea;Brewed Chai tea;Morning Sunrise Chai Rg;Astoria
1102.50;294;290;Morning;Bakery;Pastry;Almond Croissant;Astoria
1657.50;650;441;Morning;Tea;Brewed Chai tea;Spicy Eye Opener Chai Rg;Astoria
1032.50;295;291;Morning;Bakery;Biscotti;Chocolate Chip Biscotti;Astoria
627.20;784;486;Morning;Flavours;Regular syrup;Chocolate syrup;Lower Manhattan
3101.75;653;458;Morning;Drinking Chocolate;Hot chocolate;Sustainably Grown Organic Lg;Astoria
491.20;614;393;Morning;Flavours;Regular syrup;Carmel syrup;Hell's Kitchen
179.20;28;28;Morning;Packaged Chocolate;Drinking Chocolate;Dark chocolate;Lower Manhattan
533.25;27;27;Morning;Coffee beans;Premium Beans;Jamacian Coffee River;Lower Manhattan
882.00;49;49;Morning;Coffee beans;Organic Beans;Brazilian - Organic;Hell's Kitchen
494.00;52;52;Morning;Loose Tea;Chai tea;Morning Sunrise Chai;Hell's Kitchen
240.00;24;24;Morning;Coffee beans;Green beans;Guatemalan Sustainably Grown;Lower Manhattan
1227.00;60;60;Morning;Coffee beans;Espresso Beans;Primo Espresso Roast;Hell's Kitchen
18.00;6;6;Night;Coffee;Gourmet brewed coffee;Ethiopia Rg;Lower Manhattan
51.20;8;8;Afternoon;Packaged Chocolate;Drinking Chocolate;Dark chocolate;Hell's Kitchen
30.80;14;10;Night;Coffee;Organic brewed coffee;Brazilian Sm;Hell's Kitchen
104.00;130;79;Evening;Flavours;Regular syrup;Chocolate syrup;Hell's Kitchen
111.00;37;22;Night;Coffee;Drip coffee;Our Old Time Diner Blend Lg;Hell's Kitchen
19.60;8;4;Night;Coffee;Premium brewed coffee;Jamaican Coffee River Sm;Hell's Kitchen
35.00;14;9;Night;Tea;Brewed herbal tea;Peppermint Rg;Hell's Kitchen
63.00;21;12;Night;Coffee;Barista Espresso;Espresso shot;Hell's Kitchen
34.00;17;10;Night;Coffee;Drip coffee;Our Old Time Diner Blend Sm;Hell's Kitchen
51.00;17;13;Night;Tea;Brewed Chai tea;Traditional Blend Chai Lg;Hell's Kitchen
189.00;54;31;Night;Drinking Chocolate;Hot chocolate;Dark chocolate Rg;Hell's Kitchen
1278.00;71;66;Morning;Coffee beans;Organic Beans;Brazilian - Organic;Lower Manhattan
882.00;196;131;Evening;Drinking Chocolate;Hot chocolate;Dark chocolate Lg;Lower Manhattan
81.00;27;22;Night;Tea;Brewed herbal tea;Lemon Grass Lg;Hell's Kitchen
67.50;18;18;Night;Bakery;Pastry;Chocolate Croissant;Hell's Kitchen
222.00;24;24;Morning;Loose Tea;Green tea;Serenity Green Tea;Astoria
501.20;56;56;Morning;Loose Tea;Chai tea;Traditional Blend Chai;Hell's Kitchen
501.50;34;34;Morning;Coffee beans;Espresso Beans;Espresso Roast;Lower Manhattan
395.20;52;52;Morning;Packaged Chocolate;Organic Chocolate;Sustainably Grown Organic;Hell's Kitchen
1596.00;114;103;Morning;Branded;Housewares;I Need My Bean! Latte cup;Lower Manhattan
453.25;49;49;Morning;Loose Tea;Green tea;Serenity Green Tea;Lower Manhattan
531.00;36;36;Morning;Coffee beans;Espresso Beans;Espresso Roast;Astoria
196.90;22;22;Morning;Loose Tea;Chai tea;Traditional Blend Chai;Astoria
204.80;256;149;Afternoon;Flavours;Sugar free syrup;Sugar Free Vanilla syrup;Lower Manhattan
138.40;173;105;Afternoon;Flavours;Sugar free syrup;Sugar Free Vanilla syrup;Hell's Kitchen
175.20;219;158;Afternoon;Flavours;Regular syrup;Carmel syrup;Lower Manhattan
175.20;16;16;Afternoon;Loose Tea;Chai tea;Spicy Eye Opener Chai;Astoria
116.80;146;97;Afternoon;Flavours;Regular syrup;Carmel syrup;Hell's Kitchen
195.20;244;138;Evening;Flavours;Sugar free syrup;Sugar Free Vanilla syrup;Lower Manhattan
117.60;147;93;Evening;Flavours;Regular syrup;Carmel syrup;Hell's Kitchen
133.30;10;10;Evening;Packaged Chocolate;Drinking Chocolate;Chili Mayan;Hell's Kitchen
161.10;18;18;Evening;Loose Tea;Black tea;English Breakfast;Hell's Kitchen
62.65;7;7;Evening;Loose Tea;Herbal tea;Lemon Grass;Astoria
234.00;13;13;Evening;Coffee beans;Organic Beans;Brazilian - Organic;Astoria
90.00;6;6;Evening;Coffee beans;Gourmet Beans;Columbian Medium Roast;Hell's Kitchen
112.80;141;86;Evening;Flavours;Regular syrup;Hazelnut syrup;Hell's Kitchen
112.00;140;77;Evening;Flavours;Regular syrup;Hazelnut syrup;Lower Manhattan
196.90;22;22;Evening;Loose Tea;Herbal tea;Peppermint;Astoria
15.00;5;5;Night;Tea;Brewed Black tea;English Breakfast Lg;Lower Manhattan
34.10;11;9;Night;Coffee;Premium brewed coffee;Jamaican Coffee River Rg;Lower Manhattan
6.20;2;2;Night;Tea;Brewed Chai tea;Spicy Eye Opener Chai Lg;Lower Manhattan
36.00;12;6;Night;Tea;Brewed Green tea;Serenity Green Tea Lg;Lower Manhattan
18.75;5;5;Night;Bakery;Scone;Jumbo Savory Scone;Lower Manhattan
14.70;6;6;Night;Coffee;Premium brewed coffee;Jamaican Coffee River Sm;Lower Manhattan
393.80;44;44;Morning;Loose Tea;Black tea;English Breakfast;Lower Manhattan
250.80;33;33;Morning;Packaged Chocolate;Organic Chocolate;Sustainably Grown Organic;Astoria
966.00;46;46;Morning;Coffee beans;Gourmet Beans;Ethiopia;Astoria
1188.00;66;66;Morning;Coffee beans;House blend Beans;Our Old Time Diner Blend;Hell's Kitchen
552.15;27;27;Morning;Coffee beans;Espresso Beans;Primo Espresso Roast;Astoria
214.80;24;24;Morning;Loose Tea;Herbal tea;Peppermint;Astoria
1596.00;57;57;Morning;Branded;Clothing;I Need My Bean! T-shirt;Lower Manhattan
286.40;32;32;Morning;Loose Tea;Black tea;Earl Grey;Lower Manhattan
453.22;34;34;Morning;Packaged Chocolate;Drinking Chocolate;Chili Mayan;Astoria
456.45;51;51;Morning;Loose Tea;Herbal tea;Peppermint;Hell's Kitchen
55.00;22;11;Night;Tea;Brewed Chai tea;Traditional Blend Chai Rg;Astoria
256.75;13;13;Afternoon;Coffee beans;Premium Beans;Jamacian Coffee River;Astoria
80.00;100;66;Afternoon;Flavours;Regular syrup;Hazelnut syrup;Hell's Kitchen
135.00;9;9;Afternoon;Coffee beans;Gourmet Beans;Columbian Medium Roast;Astoria
26.40;12;6;Night;Coffee;Gourmet brewed coffee;Ethiopia Sm;Hell's Kitchen
170.05;19;19;Evening;Loose Tea;Black tea;English Breakfast;Astoria
80.00;8;8;Evening;Coffee beans;Green beans;Guatemalan Sustainably Grown;Lower Manhattan
76.00;10;10;Evening;Packaged Chocolate;Organic Chocolate;Sustainably Grown Organic;Astoria
250.75;17;17;Evening;Coffee beans;Espresso Beans;Espresso Roast;Hell's Kitchen
35.80;4;4;Evening;Loose Tea;Chai tea;Traditional Blend Chai;Astoria
85.50;9;9;Evening;Loose Tea;Chai tea;Morning Sunrise Chai;Astoria
61.35;3;3;Evening;Coffee beans;Espresso Beans;Primo Espresso Roast;Lower Manhattan
32.00;8;5;Night;Tea;Brewed Chai tea;Morning Sunrise Chai Lg;Lower Manhattan
244.80;306;200;Morning;Flavours;Regular syrup;Hazelnut syrup;Astoria
314.40;393;274;Morning;Flavours;Regular syrup;Carmel syrup;Astoria
372.40;49;49;Morning;Packaged Chocolate;Organic Chocolate;Sustainably Grown Organic;Lower Manhattan
396.00;495;336;Morning;Flavours;Regular syrup;Chocolate syrup;Astoria
1485.00;33;33;Morning;Coffee beans;Premium Beans;Civet Cat;Lower Manhattan
143.20;16;16;Morning;Loose Tea;Chai tea;Traditional Blend Chai;Lower Manhattan
204.00;17;17;Morning;Branded;Housewares;I Need My Bean! Diner mug;Hell's Kitchen
912.00;76;58;Morning;Branded;Housewares;I Need My Bean! Diner mug;Lower Manhattan
360.00;20;20;Afternoon;Coffee beans;Organic Beans;Brazilian - Organic;Lower Manhattan
102.40;128;93;Afternoon;Flavours;Regular syrup;Chocolate syrup;Hell's Kitchen
144.00;12;12;Afternoon;Branded;Housewares;I Need My Bean! Diner mug;Astoria
51.20;64;46;Afternoon;Flavours;Regular syrup;Hazelnut syrup;Astoria
107.40;12;12;Afternoon;Loose Tea;Black tea;Earl Grey;Hell's Kitchen
67.20;84;61;Evening;Flavours;Regular syrup;Carmel syrup;Astoria
62.65;7;7;Evening;Loose Tea;Herbal tea;Peppermint;Hell's Kitchen
51.20;64;40;Evening;Flavours;Regular syrup;Hazelnut syrup;Astoria
87.20;109;71;Evening;Flavours;Regular syrup;Chocolate syrup;Lower Manhattan
64.00;80;49;Evening;Flavours;Sugar free syrup;Sugar Free Vanilla syrup;Astoria
672.00;24;24;Morning;Branded;Clothing;I Need My Bean! T-shirt;Hell's Kitchen
285.00;30;30;Morning;Loose Tea;Chai tea;Morning Sunrise Chai;Lower Manhattan
366.95;41;41;Morning;Loose Tea;Black tea;Earl Grey;Hell's Kitchen
868.00;62;62;Morning;Branded;Housewares;I Need My Bean! Latte cup;Astoria
332.50;35;35;Morning;Loose Tea;Chai tea;Morning Sunrise Chai;Astoria
287.00;16;16;Afternoon;Branded;Housewares;I Need My Bean! Latte cup;Astoria
136.80;18;18;Afternoon;Packaged Chocolate;Organic Chocolate;Sustainably Grown Organic;Hell's Kitchen
152.15;17;17;Afternoon;Loose Tea;Chai tea;Traditional Blend Chai;Lower Manhattan
810.00;18;18;Afternoon;Coffee beans;Premium Beans;Civet Cat;Lower Manhattan
64.80;81;53;Afternoon;Flavours;Sugar free syrup;Sugar Free Vanilla syrup;Astoria
68.40;9;9;Evening;Packaged Chocolate;Organic Chocolate;Sustainably Grown Organic;Hell's Kitchen
75.20;94;65;Evening;Flavours;Regular syrup;Chocolate syrup;Astoria
168.00;14;14;Evening;Branded;Housewares;I Need My Bean! Diner mug;Astoria
70.40;11;11;Evening;Packaged Chocolate;Drinking Chocolate;Dark chocolate;Hell's Kitchen
295.35;33;33;Morning;Loose Tea;Herbal tea;Lemon Grass;Astoria
612.25;31;31;Morning;Coffee beans;Premium Beans;Jamacian Coffee River;Astoria
4.80;6;3;Night;Flavours;Sugar free syrup;Sugar Free Vanilla syrup;Lower Manhattan
98.45;11;11;Afternoon;Loose Tea;Black tea;English Breakfast;Hell's Kitchen
55.50;6;6;Afternoon;Loose Tea;Green tea;Serenity Green Tea;Astoria
88.50;6;6;Afternoon;Coffee beans;Espresso Beans;Espresso Roast;Lower Manhattan
108.00;9;9;Afternoon;Branded;Housewares;I Need My Bean! Diner mug;Hell's Kitchen
46.40;58;42;Afternoon;Flavours;Regular syrup;Carmel syrup;Astoria
122.70;6;6;Afternoon;Coffee beans;Espresso Beans;Primo Espresso Roast;Hell's Kitchen
122.40;153;99;Evening;Flavours;Regular syrup;Carmel syrup;Lower Manhattan
111.00;12;12;Evening;Loose Tea;Green tea;Serenity Green Tea;Astoria
198.00;11;11;Evening;Coffee beans;House blend Beans;Our Old Time Diner Blend;Hell's Kitchen
306.60;28;28;Morning;Loose Tea;Chai tea;Spicy Eye Opener Chai;Hell's Kitchen
492.25;55;55;Morning;Loose Tea;Herbal tea;Lemon Grass;Hell's Kitchen
708.00;48;48;Morning;Coffee beans;Espresso Beans;Espresso Roast;Hell's Kitchen
44.75;5;5;Afternoon;Loose Tea;Herbal tea;Peppermint;Lower Manhattan
127.20;159;95;Afternoon;Flavours;Regular syrup;Hazelnut syrup;Lower Manhattan
104.50;11;11;Afternoon;Loose Tea;Chai tea;Morning Sunrise Chai;Hell's Kitchen
147.00;7;7;Afternoon;Coffee beans;Gourmet Beans;Ethiopia;Hell's Kitchen
143.15;7;7;Evening;Coffee beans;Espresso Beans;Primo Espresso Roast;Hell's Kitchen
98.45;11;11;Evening;Loose Tea;Chai tea;Traditional Blend Chai;Lower Manhattan
39.50;2;2;Evening;Coffee beans;Premium Beans;Jamacian Coffee River;Hell's Kitchen
161.10;18;18;Evening;Loose Tea;Black tea;Earl Grey;Hell's Kitchen
53.70;6;6;Evening;Loose Tea;Chai tea;Traditional Blend Chai;Hell's Kitchen
337.50;15;15;Evening;Coffee beans;Organic Beans;Organic Decaf Blend;Hell's Kitchen
51.00;20;10;Night;Tea;Brewed Chai tea;Spicy Eye Opener Chai Rg;Hell's Kitchen
84.00;21;12;Night;Tea;Brewed Chai tea;Morning Sunrise Chai Lg;Hell's Kitchen
47.50;19;11;Night;Tea;Brewed Black tea;Earl Grey Rg;Hell's Kitchen
47.50;19;12;Night;Tea;Brewed Green tea;Serenity Green Tea Rg;Hell's Kitchen
42.00;14;14;Night;Bakery;Scone;Oatmeal Scone;Hell's Kitchen
101.50;29;21;Night;Coffee;Organic brewed coffee;Brazilian Lg;Hell's Kitchen
945.00;45;45;Morning;Coffee beans;Gourmet Beans;Ethiopia;Hell's Kitchen
170.05;19;19;Morning;Loose Tea;Black tea;English Breakfast;Hell's Kitchen
480.00;32;32;Morning;Coffee beans;Gourmet Beans;Columbian Medium Roast;Astoria
277.45;31;31;Morning;Loose Tea;Black tea;English Breakfast;Astoria
120.00;12;12;Evening;Coffee beans;Green beans;Guatemalan Sustainably Grown;Astoria
372.00;24;24;Evening;Branded;Housewares;I Need My Bean! Latte cup;Astoria
42.50;17;10;Night;Tea;Brewed herbal tea;Lemon Grass Rg;Lower Manhattan
967.50;43;43;Morning;Coffee beans;Organic Beans;Organic Decaf Blend;Hell's Kitchen
106.64;8;8;Afternoon;Packaged Chocolate;Drinking Chocolate;Chili Mayan;Astoria
324.80;406;277;Morning;Flavours;Sugar free syrup;Sugar Free Vanilla syrup;Astoria
119.20;149;98;Evening;Flavours;Sugar free syrup;Sugar Free Vanilla syrup;Hell's Kitchen
87.60;8;8;Evening;Loose Tea;Chai tea;Spicy Eye Opener Chai;Astoria
702.00;39;39;Morning;Coffee beans;House blend Beans;Our Old Time Diner Blend;Lower Manhattan
405.15;37;37;Morning;Loose Tea;Chai tea;Spicy Eye Opener Chai;Lower Manhattan
252.00;12;12;Afternoon;Coffee beans;Gourmet Beans;Ethiopia;Lower Manhattan
64.80;81;47;Afternoon;Flavours;Regular syrup;Chocolate syrup;Astoria
160.00;200;134;Afternoon;Flavours;Regular syrup;Chocolate syrup;Lower Manhattan
66.50;19;11;Night;Coffee;Gourmet brewed coffee;Ethiopia Lg;Hell's Kitchen
1599.00;58;58;Morning;Branded;Clothing;I Need My Bean! T-shirt;Astoria
599.85;45;45;Morning;Packaged Chocolate;Drinking Chocolate;Chili Mayan;Lower Manhattan
408.00;34;34;Afternoon;Branded;Housewares;I Need My Bean! Diner mug;Lower Manhattan
672.00;24;24;Afternoon;Branded;Clothing;I Need My Bean! T-shirt;Lower Manhattan
225.00;10;10;Afternoon;Coffee beans;Organic Beans;Organic Decaf Blend;Astoria
103.25;7;7;Afternoon;Coffee beans;Espresso Beans;Espresso Roast;Hell's Kitchen
47.50;10;10;Night;Drinking Chocolate;Hot chocolate;Sustainably Grown Organic Lg;Astoria
408.00;34;34;Evening;Branded;Housewares;I Need My Bean! Diner mug;Lower Manhattan
57.00;19;13;Night;Tea;Brewed Black tea;English Breakfast Lg;Hell's Kitchen
30.00;10;5;Night;Tea;Brewed Black tea;Earl Grey Lg;Hell's Kitchen
31.00;10;7;Night;Tea;Brewed Chai tea;Spicy Eye Opener Chai Lg;Hell's Kitchen
53.32;4;4;Night;Packaged Chocolate;Drinking Chocolate;Chili Mayan;Hell's Kitchen
57.50;23;14;Night;Tea;Brewed Chai tea;Morning Sunrise Chai Rg;Hell's Kitchen
22.80;3;3;Night;Packaged Chocolate;Organic Chocolate;Sustainably Grown Organic;Hell's Kitchen
300.80;47;47;Morning;Packaged Chocolate;Drinking Chocolate;Dark chocolate;Hell's Kitchen
8.00;4;4;Night;Coffee;Drip coffee;Our Old Time Diner Blend Sm;Lower Manhattan
449.90;22;22;Morning;Coffee beans;Espresso Beans;Primo Espresso Roast;Lower Manhattan
6840.00;152;82;Morning;Coffee beans;Premium Beans;Civet Cat;Hell's Kitchen
378.00;18;18;Evening;Coffee beans;Gourmet Beans;Ethiopia;Lower Manhattan
108.00;6;6;Evening;Coffee beans;House blend Beans;Our Old Time Diner Blend;Lower Manhattan
399.90;30;30;Morning;Packaged Chocolate;Drinking Chocolate;Chili Mayan;Hell's Kitchen
89.50;10;10;Evening;Loose Tea;Herbal tea;Lemon Grass;Hell's Kitchen
157.25;17;17;Evening;Loose Tea;Green tea;Serenity Green Tea;Lower Manhattan
110.00;11;11;Evening;Coffee beans;Green beans;Guatemalan Sustainably Grown;Hell's Kitchen
26.25;7;7;Night;Coffee;Barista Espresso;Latte;Hell's Kitchen
80.75;19;13;Night;Coffee;Barista Espresso;Cappuccino Lg;Hell's Kitchen
450.00;25;25;Morning;Coffee beans;House blend Beans;Our Old Time Diner Blend;Astoria
280.00;28;28;Morning;Coffee beans;Green beans;Guatemalan Sustainably Grown;Astoria
30.00;12;7;Night;Coffee;Gourmet brewed coffee;Columbian Medium Roast Rg;Astoria
235.60;31;31;Afternoon;Packaged Chocolate;Organic Chocolate;Sustainably Grown Organic;Lower Manhattan
66.65;5;5;Afternoon;Packaged Chocolate;Drinking Chocolate;Chili Mayan;Hell's Kitchen
812.00;29;29;Afternoon;Branded;Clothing;I Need My Bean! T-shirt;Astoria
198.00;11;11;Afternoon;Coffee beans;Organic Beans;Brazilian - Organic;Astoria
7.50;3;3;Night;Coffee;Drip coffee;Our Old Time Diner Blend Rg;Lower Manhattan
900.00;20;20;Evening;Coffee beans;Premium Beans;Civet Cat;Astoria
672.00;24;24;Evening;Branded;Clothing;I Need My Bean! T-shirt;Astoria
420.00;20;20;Evening;Coffee beans;Gourmet Beans;Ethiopia;Astoria
347.65;17;17;Evening;Coffee beans;Espresso Beans;Primo Espresso Roast;Astoria
76.00;8;8;Afternoon;Loose Tea;Chai tea;Morning Sunrise Chai;Astoria
53.20;7;7;Afternoon;Packaged Chocolate;Organic Chocolate;Sustainably Grown Organic;Astoria
18.00;6;6;Night;Coffee;Organic brewed coffee;Brazilian Rg;Lower Manhattan
88.50;6;6;Evening;Coffee beans;Espresso Beans;Espresso Roast;Lower Manhattan
26.85;3;3;Evening;Loose Tea;Herbal tea;Lemon Grass;Lower Manhattan
810.00;18;18;Morning;Coffee beans;Premium Beans;Civet Cat;Astoria
535.00;40;40;Morning;Branded;Housewares;I Need My Bean! Diner mug;Astoria
270.00;6;6;Afternoon;Coffee beans;Premium Beans;Civet Cat;Hell's Kitchen
40.90;2;2;Afternoon;Coffee beans;Espresso Beans;Primo Espresso Roast;Astoria
53.70;6;6;Afternoon;Loose Tea;Herbal tea;Lemon Grass;Lower Manhattan
517.50;23;23;Afternoon;Coffee beans;Organic Beans;Organic Decaf Blend;Hell's Kitchen
585.00;39;39;Morning;Coffee beans;Gourmet Beans;Columbian Medium Roast;Hell's Kitchen
588.00;42;42;Morning;Branded;Housewares;I Need My Bean! Latte cup;Hell's Kitchen
420.00;42;42;Morning;Coffee beans;Green beans;Guatemalan Sustainably Grown;Hell's Kitchen
187.95;21;21;Morning;Loose Tea;Herbal tea;Lemon Grass;Lower Manhattan
210.00;14;14;Afternoon;Coffee beans;Gourmet Beans;Columbian Medium Roast;Lower Manhattan
68.40;9;9;Evening;Packaged Chocolate;Organic Chocolate;Sustainably Grown Organic;Lower Manhattan
191.75;13;13;Evening;Coffee beans;Espresso Beans;Espresso Roast;Astoria
44.75;5;5;Evening;Loose Tea;Black tea;Earl Grey;Astoria
323.75;35;35;Morning;Loose Tea;Green tea;Serenity Green Tea;Hell's Kitchen
122.70;6;6;Afternoon;Coffee beans;Espresso Beans;Primo Espresso Roast;Lower Manhattan
48.00;4;4;Evening;Branded;Housewares;I Need My Bean! Diner mug;Hell's Kitchen
187.95;21;21;Morning;Loose Tea;Black tea;Earl Grey;Astoria
607.50;27;27;Morning;Coffee beans;Organic Beans;Organic Decaf Blend;Astoria
44.75;5;5;Afternoon;Loose Tea;Chai tea;Traditional Blend Chai;Astoria
80.55;9;9;Afternoon;Loose Tea;Herbal tea;Peppermint;Astoria
157.50;7;7;Evening;Coffee beans;Organic Beans;Organic Decaf Blend;Astoria
66.65;5;5;Evening;Packaged Chocolate;Drinking Chocolate;Chili Mayan;Astoria
28.80;36;21;Night;Flavours;Regular syrup;Carmel syrup;Hell's Kitchen
93.50;22;15;Night;Coffee;Barista Espresso;Latte Rg;Hell's Kitchen
8.00;10;7;Night;Flavours;Regular syrup;Chocolate syrup;Hell's Kitchen
42.00;14;12;Night;Tea;Brewed herbal tea;Peppermint Lg;Hell's Kitchen
67.50;27;16;Night;Tea;Brewed Chai tea;Traditional Blend Chai Rg;Hell's Kitchen
135.00;6;6;Night;Coffee beans;Organic Beans;Organic Decaf Blend;Hell's Kitchen
315.00;21;21;Morning;Coffee beans;Gourmet Beans;Columbian Medium Roast;Lower Manhattan
138.25;7;7;Afternoon;Coffee beans;Premium Beans;Jamacian Coffee River;Lower Manhattan
360.00;16;16;Afternoon;Coffee beans;Organic Beans;Organic Decaf Blend;Lower Manhattan
144.00;8;8;Afternoon;Coffee beans;House blend Beans;Our Old Time Diner Blend;Astoria
15.00;5;5;Night;Tea;Brewed Green tea;Serenity Green Tea Lg;Hell's Kitchen
63.00;14;14;Night;Bakery;Scone;Scottish Cream Scone ;Hell's Kitchen
31.50;9;9;Night;Bakery;Pastry;Croissant;Hell's Kitchen
829.50;42;42;Morning;Coffee beans;Premium Beans;Jamacian Coffee River;Hell's Kitchen
15.30;6;6;Night;Tea;Brewed Chai tea;Spicy Eye Opener Chai Rg;Lower Manhattan
336.00;24;24;Afternoon;Branded;Housewares;I Need My Bean! Latte cup;Lower Manhattan
216.00;12;12;Afternoon;Coffee beans;House blend Beans;Our Old Time Diner Blend;Hell's Kitchen
17.90;2;2;Afternoon;Loose Tea;Black tea;Earl Grey;Lower Manhattan
26.85;3;3;Afternoon;Loose Tea;Herbal tea;Peppermint;Hell's Kitchen
12.00;4;4;Night;Tea;Brewed Chai tea;Traditional Blend Chai Lg;Astoria
140.00;5;5;Evening;Branded;Clothing;I Need My Bean! T-shirt;Lower Manhattan
38.40;6;6;Afternoon;Packaged Chocolate;Drinking Chocolate;Dark chocolate;Lower Manhattan
12.00;4;4;Night;Tea;Brewed Chai tea;Traditional Blend Chai Lg;Lower Manhattan
14.00;4;4;Night;Bakery;Biscotti;Ginger Biscotti;Lower Manhattan
134.25;15;15;Afternoon;Loose Tea;Herbal tea;Lemon Grass;Hell's Kitchen
135.00;3;3;Evening;Coffee beans;Premium Beans;Civet Cat;Hell's Kitchen
9.00;3;3;Night;Coffee;Drip coffee;Our Old Time Diner Blend Lg;Lower Manhattan
28.50;3;3;Evening;Loose Tea;Chai tea;Morning Sunrise Chai;Hell's Kitchen
20.00;8;4;Night;Tea;Brewed Black tea;Earl Grey Rg;Astoria
30.00;10;7;Night;Tea;Brewed herbal tea;Peppermint Lg;Astoria
8.00;4;2;Night;Coffee;Gourmet brewed coffee;Columbian Medium Roast Sm;Astoria
27.90;9;5;Night;Tea;Brewed Chai tea;Spicy Eye Opener Chai Lg;Astoria
12.00;4;4;Night;Bakery;Scone;Oatmeal Scone;Astoria
27.00;6;6;Night;Drinking Chocolate;Hot chocolate;Dark chocolate Lg;Lower Manhattan
12.00;4;4;Night;Tea;Brewed Black tea;Earl Grey Lg;Astoria
57.00;12;6;Night;Drinking Chocolate;Hot chocolate;Sustainably Grown Organic Lg;Hell's Kitchen
15.00;5;5;Night;Coffee;Gourmet brewed coffee;Columbian Medium Roast Lg;Hell's Kitchen
22.00;11;9;Night;Coffee;Gourmet brewed coffee;Columbian Medium Roast Sm;Hell's Kitchen
19.20;3;3;Afternoon;Packaged Chocolate;Drinking Chocolate;Dark chocolate;Astoria
44.75;5;5;Evening;Loose Tea;Black tea;English Breakfast;Lower Manhattan
240.00;16;16;Evening;Coffee beans;Gourmet Beans;Columbian Medium Roast;Astoria
79.00;4;4;Evening;Coffee beans;Premium Beans;Jamacian Coffee River;Astoria
315.00;7;7;Afternoon;Coffee beans;Premium Beans;Civet Cat;Astoria
62.65;7;7;Evening;Loose Tea;Black tea;Earl Grey;Lower Manhattan
85.50;9;9;Evening;Loose Tea;Chai tea;Morning Sunrise Chai;Lower Manhattan
8.12;2;2;Night;Bakery;Scone;Cranberry Scone;Lower Manhattan
25.60;4;4;Morning;Packaged Chocolate;Drinking Chocolate;Dark chocolate;Astoria
252.00;14;14;Afternoon;Coffee beans;Organic Beans;Brazilian - Organic;Hell's Kitchen
216.00;12;12;Evening;Coffee beans;Organic Beans;Brazilian - Organic;Hell's Kitchen
35.80;4;4;Afternoon;Loose Tea;Black tea;Earl Grey;Astoria
43.80;4;4;Evening;Loose Tea;Chai tea;Spicy Eye Opener Chai;Lower Manhattan
168.00;12;12;Evening;Branded;Housewares;I Need My Bean! Latte cup;Hell's Kitchen
35.80;4;4;Evening;Loose Tea;Herbal tea;Peppermint;Lower Manhattan
18.00;6;3;Night;Coffee;Gourmet brewed coffee;Ethiopia Rg;Hell's Kitchen
12.00;4;2;Night;Coffee;Organic brewed coffee;Brazilian Rg;Hell's Kitchen
14.40;18;9;Night;Flavours;Sugar free syrup;Sugar Free Vanilla syrup;Hell's Kitchen
11.20;14;7;Night;Flavours;Regular syrup;Hazelnut syrup;Hell's Kitchen
54.75;5;5;Evening;Loose Tea;Chai tea;Spicy Eye Opener Chai;Hell's Kitchen
37.50;10;7;Night;Coffee;Premium brewed coffee;Jamaican Coffee River Lg;Hell's Kitchen
21.00;6;6;Night;Bakery;Biscotti;Chocolate Chip Biscotti;Hell's Kitchen
142.35;13;13;Morning;Loose Tea;Chai tea;Spicy Eye Opener Chai;Astoria
414.00;23;23;Morning;Coffee beans;Organic Beans;Brazilian - Organic;Astoria
177.75;9;9;Afternoon;Coffee beans;Premium Beans;Jamacian Coffee River;Hell's Kitchen
33.75;9;9;Night;Coffee;Barista Espresso;Latte;Lower Manhattan
4.80;6;6;Night;Flavours;Regular syrup;Chocolate syrup;Lower Manhattan
64.75;7;7;Afternoon;Loose Tea;Green tea;Serenity Green Tea;Hell's Kitchen
252.00;12;12;Evening;Coffee beans;Gourmet Beans;Ethiopia;Hell's Kitchen
98.55;9;9;Afternoon;Loose Tea;Chai tea;Spicy Eye Opener Chai;Lower Manhattan
56.00;4;4;Night;Branded;Housewares;I Need My Bean! Latte cup;Hell's Kitchen
98.00;7;7;Afternoon;Branded;Housewares;I Need My Bean! Latte cup;Hell's Kitchen
189.00;9;9;Afternoon;Coffee beans;Gourmet Beans;Ethiopia;Astoria
64.75;7;7;Afternoon;Loose Tea;Green tea;Serenity Green Tea;Lower Manhattan
85.50;9;9;Afternoon;Loose Tea;Chai tea;Morning Sunrise Chai;Lower Manhattan
12.00;6;6;Night;Coffee;Gourmet brewed coffee;Columbian Medium Roast Sm;Lower Manhattan
26.00;8;8;Night;Bakery;Scone;Cranberry Scone;Hell's Kitchen
34.00;8;4;Night;Coffee;Barista Espresso;Cappuccino Lg;Astoria
135.00;9;9;Afternoon;Coffee beans;Gourmet Beans;Columbian Medium Roast;Hell's Kitchen
54.00;3;3;Afternoon;Coffee beans;House blend Beans;Our Old Time Diner Blend;Lower Manhattan
79.00;4;4;Night;Coffee beans;Premium Beans;Jamacian Coffee River;Lower Manhattan
30.00;2;2;Evening;Coffee beans;Gourmet Beans;Columbian Medium Roast;Lower Manhattan
24.00;8;4;Night;Tea;Brewed Green tea;Serenity Green Tea Lg;Astoria
32.00;5;5;Evening;Packaged Chocolate;Drinking Chocolate;Dark chocolate;Lower Manhattan
47.40;17;12;Night;Coffee;Barista Espresso;Ouro Brasileiro shot;Hell's Kitchen
13.00;4;4;Night;Bakery;Scone;Ginger Scone;Hell's Kitchen
22.75;7;7;Night;Bakery;Biscotti;Hazelnut Biscotti;Hell's Kitchen
12.00;4;2;Night;Tea;Brewed Black tea;English Breakfast Lg;Astoria
6.00;2;2;Night;Coffee;Gourmet brewed coffee;Ethiopia Rg;Astoria
80.55;9;9;Afternoon;Loose Tea;Black tea;English Breakfast;Lower Manhattan
25.00;10;8;Night;Tea;Brewed Black tea;English Breakfast Rg;Hell's Kitchen
93.31;7;7;Afternoon;Packaged Chocolate;Drinking Chocolate;Chili Mayan;Lower Manhattan
11.00;5;5;Night;Coffee;Organic brewed coffee;Brazilian Sm;Lower Manhattan
60.00;6;6;Afternoon;Coffee beans;Green beans;Guatemalan Sustainably Grown;Hell's Kitchen
10.20;4;2;Night;Tea;Brewed Chai tea;Spicy Eye Opener Chai Rg;Astoria
56.00;16;6;Night;Coffee;Gourmet brewed coffee;Ethiopia Lg;Lower Manhattan
30.00;12;6;Night;Coffee;Gourmet brewed coffee;Columbian Medium Roast Rg;Hell's Kitchen
9.30;3;3;Night;Coffee;Premium brewed coffee;Jamaican Coffee River Rg;Astoria
15.00;4;2;Night;Coffee;Barista Espresso;Cappuccino;Lower Manhattan
4.80;6;4;Night;Flavours;Regular syrup;Hazelnut syrup;Lower Manhattan
18.00;6;3;Night;Tea;Brewed Black tea;Earl Grey Lg;Lower Manhattan
140.00;10;10;Evening;Branded;Housewares;I Need My Bean! Latte cup;Lower Manhattan
25.50;6;3;Night;Coffee;Barista Espresso;Cappuccino Lg;Lower Manhattan
7.50;3;3;Night;Tea;Brewed Chai tea;Morning Sunrise Chai Rg;Lower Manhattan
143.20;16;16;Afternoon;Loose Tea;Chai tea;Traditional Blend Chai;Hell's Kitchen
16.25;5;5;Night;Bakery;Scone;Ginger Scone;Lower Manhattan
50.00;20;11;Night;Coffee;Drip coffee;Our Old Time Diner Blend Rg;Hell's Kitchen
7.50;2;2;Night;Bakery;Scone;Jumbo Savory Scone;Hell's Kitchen
45.00;10;8;Night;Drinking Chocolate;Hot chocolate;Dark chocolate Lg;Hell's Kitchen
234.00;13;13;Evening;Coffee beans;House blend Beans;Our Old Time Diner Blend;Astoria
44.75;5;5;Afternoon;Loose Tea;Black tea;English Breakfast;Astoria
38.40;6;6;Evening;Packaged Chocolate;Drinking Chocolate;Dark chocolate;Astoria
135.00;3;3;Night;Coffee beans;Premium Beans;Civet Cat;Hell's Kitchen
15.00;6;4;Night;Tea;Brewed herbal tea;Lemon Grass Rg;Hell's Kitchen
4.40;2;2;Night;Coffee;Gourmet brewed coffee;Ethiopia Sm;Astoria
7.00;2;2;Night;Bakery;Pastry;Croissant;Astoria
21.90;2;2;Afternoon;Loose Tea;Chai tea;Spicy Eye Opener Chai;Hell's Kitchen
29.50;2;2;Afternoon;Coffee beans;Espresso Beans;Espresso Roast;Astoria
9.50;2;1;Night;Drinking Chocolate;Hot chocolate;Sustainably Grown Organic Lg;Lower Manhattan
59.25;3;3;Night;Coffee beans;Premium Beans;Jamacian Coffee River;Astoria
52.50;14;7;Night;Drinking Chocolate;Hot chocolate;Sustainably Grown Organic Rg;Hell's Kitchen
19.00;2;2;Night;Loose Tea;Chai tea;Morning Sunrise Chai;Hell's Kitchen
4.80;6;3;Night;Flavours;Regular syrup;Carmel syrup;Lower Manhattan
79.00;4;4;Evening;Coffee beans;Premium Beans;Jamacian Coffee River;Lower Manhattan
18.50;2;2;Evening;Loose Tea;Green tea;Serenity Green Tea;Hell's Kitchen
2.50;1;1;Night;Tea;Brewed herbal tea;Peppermint Rg;Lower Manhattan
7.00;2;2;Night;Coffee;Organic brewed coffee;Brazilian Lg;Lower Manhattan
17.90;2;2;Afternoon;Loose Tea;Herbal tea;Lemon Grass;Astoria
9.00;2;2;Night;Bakery;Scone;Scottish Cream Scone ;Astoria
2.50;1;1;Night;Tea;Brewed Green tea;Serenity Green Tea Rg;Lower Manhattan
3.25;1;1;Night;Bakery;Biscotti;Hazelnut Biscotti;Lower Manhattan
30.00;3;3;Afternoon;Coffee beans;Green beans;Guatemalan Sustainably Grown;Lower Manhattan
18.00;1;1;Evening;Coffee beans;Organic Beans;Brazilian - Organic;Lower Manhattan
2.50;1;1;Night;Tea;Brewed Black tea;English Breakfast Rg;Lower Manhattan
